Open,High,Low,Close,Volume,Daily_Vol,S_10,Corr,RSI,Open-Close,Open-Open,Probability
0.6225757245587271,0.6235138705416114,0.6144446868863189,0.6269806338028174,0.4202730695157787,0.1992973687847119,0.6091375796506986,0.8430747084923292,0.834874524070837,0.467336683417084,0.6338652482269496,0.161237524417559
0.6404445412943995,0.6312197269925142,0.6458651538293696,0.6628521126760565,0.1796793723972453,0.18486036053099045,0.622655625209608,0.9563933362217439,0.8972405806545417,0.40577889447236115,0.636524822695036,0.16054808604991755
0.6818478971453477,0.6492734478203432,0.6661575387300893,0.6646126760563384,0.24508301653565984,0.1712954932884421,0.6377989319712105,0.966090786786486,0.9000068302656717,0.43969849246231035,0.7322695035460984,0.2413001095289484
0.6668119415994771,0.6560986349625717,0.6602662011782676,0.6619718309859155,0.14796407314515775,0.16010343310605332,0.6525036761860545,0.9456296867768141,0.8798839222372593,0.3429648241206026,0.5026595744680852,0.21810850746223023
0.6613641316190892,0.7010127697049755,0.6683395156011349,0.720510563380282,0.16580963030762086,0.16422120218531402,0.677527539148159,0.9696743344853115,0.9651569172849638,0.32663316582914587,0.5416666666666665,0.017245073118020558
0.7121377206363042,0.6743725231175695,0.6672485271656121,0.6516285211267605,0.20445160093435238,0.16290185177539265,0.6941671181281137,0.9130883445445879,0.6065759033593159,0.28517587939698363,0.7703900709219855,0.41501904708601295
0.6489431248638047,0.6400264200792602,0.6517564913811913,0.6648327464788735,0.13724095448260598,0.1452511206566102,0.7064468694373507,0.8695132419769118,0.6377874171778738,0.3140703517587949,0.3067375886524829,0.4054897379457052
0.6931793419045542,0.655217965653897,0.6631027711106261,0.670334507042254,0.12730500415620782,0.1279006100176139,0.7173593375125784,0.8248100126335703,0.6511221506519677,0.4937185929648218,0.7437943262411335,0.5271836391711114
0.677271736761822,0.6444297666226333,0.6345188740999348,0.64568661971831,0.09282231622232995,0.13622423121636104,0.7231638418079109,0.6982729958752074,0.5403355375668133,0.3706030150753762,0.49911347517730575,0.5131335329136015
0.6679015035955547,0.6305592250110086,0.6476107353262057,0.6489876760563384,0.047738479719653226,0.14182811660517794,0.7291231328844536,0.4964839020552018,0.5505495620292116,0.45728643216080284,0.5257092198581553,0.692551425556135
0.6814120723469164,0.6466314398943196,0.665502945668776,0.6709947183098595,0.12015181689316545,0.1280141465871585,0.7342826922580832,0.33031693549469326,0.6171748192881024,0.5163316582914558,0.6187943262411351,0.6234149553596096
0.7003704510786664,0.663804491413474,0.6901592843115865,0.694542253521127,0.09339321825779556,0.11353874386968213,0.7379975750070966,0.3877696374712027,0.6801722632450281,0.4999999999999991,0.6409574468085109,0.5611201447296633
0.7027674874700369,0.671950682518714,0.6991053894828714,0.6980633802816905,0.04576543408541392,0.10097334020506002,0.7419188401310546,0.4296990082571874,0.6893068002039408,0.37939698492462337,0.5735815602836878,0.5390187770987344
0.7197646546088472,0.6926464112725672,0.7126336460833518,0.7150088028169019,0.09412708873785552,0.08629414165580598,0.7481361091762788,0.47212377221822305,0.7330256991729173,0.4572864321608046,0.6329787234042553,0.4656778024949724
0.7249945521900196,0.6882430647291942,0.6960506218634082,0.701804577464789,0.06596224666862777,0.07474103874175339,0.7459432964424857,0.8692434128161393,0.654527692405846,0.39070351758793853,0.5851063829787229,0.4511862578882757
0.7097406842449336,0.6882430647291942,0.7174339951996511,0.71324823943662,0.022026363989508524,0.06641764433397776,0.7531666795655672,0.8935782490922082,0.6884451274000968,0.37814070351758755,0.5017730496453897,0.5467508398600327
0.718893005011985,0.6836195508586524,0.701723761728126,0.714128521126761,0.014749156715171158,0.056120813304980616,0.7589453860640321,0.9395133252230302,0.6911435200528521,0.3655778894472365,0.601063829787234,0.49640438157767014
0.6933972543037696,0.6732716864817261,0.7004145756054985,0.7000440140845074,0.040330077722623564,0.056825205453875066,0.762428088641232,0.9303950859381025,0.5973673822260066,0.21356783919597966,0.46010638297872314,0.589474199301034
0.7178034430159075,0.6908850726552178,0.7211433558804277,0.7198503521126765,0.028698845588936206,0.044123822348477365,0.7711219461857963,0.8963719298099585,0.6684619256361272,0.4346733668341706,0.6631205673758868,0.6348297189309497
0.7345826977555023,0.7016732716864815,0.7292166703032945,0.7229313380281694,0.005451755703126837,0.03606103419762541,0.7797900059334939,0.8870566761420225,0.679038695954887,0.4183417085427122,0.6320921985815597,0.644832548869972
0.736543909348442,0.7045354469396743,0.7390355662229979,0.7363556338028174,0.0621934732675378,0.0248746942299988,0.7874519516033334,0.9306649289867059,0.7246602489302602,0.4120603015075367,0.5718085106382981,0.6264285315998361
0.7430812813249075,0.7175253192426243,0.7433995199650882,0.738556338028169,0.021681977842441275,0.015391053592452547,0.7926115109769629,0.9421820183536745,0.732096769752853,0.37311557788944605,0.5904255319148932,0.5997797692543932
0.758117236870778,0.719066490532805,0.7331442286711762,0.7323943661971835,0.004044487310497918,0.009576948690187381,0.796635967288394,0.931862005971452,0.6791810171785208,0.44723618090452166,0.6249999999999997,0.606811111571397
0.7496186533013729,0.7234698370761781,0.7427449269037749,0.7541813380281694,0.057640606406607287,0.0,0.8012279751309244,0.9606846178954206,0.7592027327923286,0.43341708542713486,0.529255319148936,0.5018709694734117
0.7698845064284159,0.7597974460590049,0.7591097534366138,0.7889524647887329,0.14671054856818383,0.043451732640060275,0.8114439026907108,0.9440280381572247,0.8523991542836148,0.4258793969849235,0.6462765957446813,0.2594650348213422
0.7792547395946827,0.7701453104359313,0.786384464324678,0.7973151408450705,0.02020706217092416,0.03186307336980612,0.8212986610943434,0.9732936201236618,0.8707612378704327,0.28140703517587795,0.6019503546099283,0.336234838481813
0.8110699498801481,0.8044914134742405,0.8134409775256384,0.8338468309859155,0.10606580850285297,0.04129019143621407,0.8353326625906159,0.9927251812189041,0.93710891932419,0.41708542713567814,0.6932624113475183,0.22228291928635127
0.8474613205491393,0.8104359313077938,0.8282784202487454,0.824603873239437,0.18018570203013579,0.031411337594738103,0.8499342156179868,0.9877985555531494,0.8635572681452207,0.41834170854271396,0.7118794326241135,0.3835860475035171
0.9392024406188715,0.9302069572875389,0.9212306349552699,0.914392605633803,0.24964613298430066,0.09445579506651022,0.8727394680494291,0.996285891626715,0.9845224430086325,1.0,0.9370567375886529,0.14545593646943938
0.931575506646328,0.9119330691325407,0.9253763910102555,0.9304577464788735,0.10226731129740305,0.1812117995729877,0.8970667904960923,1.0,0.9984430545765245,0.443467336683416,0.5328014184397142,0.10111052858697231
0.9357158422314225,0.9044473800088066,0.9323587169976,0.9280369718309864,0.027130658669255014,0.17784517643033557,0.9195366715682485,0.9922007666825408,0.9826146736775477,0.3756281407035159,0.5806737588652479,0.22486072963105033
0.9337546306384836,0.9156759136944082,0.933231507746018,0.945862676056338,0.1075110003700101,0.1615015482179238,0.9438381962180427,0.9854385822135341,1.0,0.37814070351758755,0.5558510638297893,0.1776991198785651
0.9494443233820005,0.9145750770585643,0.8967924939995637,0.8868838028169015,0.1347257056584899,0.20340911478025694,0.961948249619482,0.9291062453347847,0.6695081754030282,0.3668341708542741,0.6276595744680848,0.38179753129338406
0.8945303987796906,0.8571114046675474,0.8498799912720927,0.850572183098592,0.14014261276340156,0.322963702463137,0.9732476846477307,0.8076190233342041,0.5222108713405049,0.3869346733668347,0.3404255319148926,0.6164399519396605
0.8812377424275439,0.8881549977983265,0.887191795766965,0.909110915492958,0.11514284337912506,0.2982992234579347,0.9873332817377394,0.7569186130716976,0.6560409008156526,0.5175879396984916,0.5097517730496454,0.44873314447711365
0.8603181521028547,0.8692206076618227,0.8625354571241546,0.8928257042253525,0.10826229514917762,0.28121696212796754,0.998529525578514,0.6347963939197269,0.5956019030823495,0.06281407035175862,0.47872340425531834,0.40600860600486866
0.8618435388973631,0.8392778511668866,0.8219506873227143,0.8356073943661975,0.22898091424272454,0.3231361013748498,0.9987359079534599,0.38690567981304336,0.41502123806962277,0.16457286432160786,0.5700354609929084,0.6833914602019519
0.8398343865765963,0.8216644649933948,0.8332969670521495,0.8353873239436624,0.151097372108207,0.32922559441618604,1.0,0.0405813388425027,0.4143941881869717,0.3643216080402007,0.4742907801418434,0.8411883704069649
0.815210285465243,0.8091149273447822,0.8079860353480253,0.835167253521127,0.1389700599293393,0.30305002692325844,0.9907127931274657,0.0,0.4136986383396698,0.22361809045226083,0.46365248226950384,0.7002026364183369
0.8285029418173893,0.8555702333773672,0.8132227798385336,0.870598591549296,0.17668136799197254,0.29386635023976826,0.9836957923793292,0.01087128157084083,0.5190161868464715,0.3015075376884421,0.6179078014184395,0.2894091214147401
0.8112878622793636,0.8038309114927344,0.7964215579314862,0.788512323943662,0.2077355688367435,0.33443714226288945,0.9673399891649237,0.21331775273368686,0.2872701472164588,0.0,0.49379432624113406,0.784613896536778
0.8060579646981911,0.8110964332892998,0.8106044075932795,0.818441901408451,0.11878349693383577,0.3262333064912657,0.9524030647782662,0.5888171922749429,0.37281779922764946,0.4384422110552763,0.542553191489362,0.7434586612411773
0.8243626062322948,0.8392778511668866,0.8206415012000876,0.8565140845070425,0.11321182105449806,0.3625200053112372,0.9488429688104616,0.6272147368265927,0.46919613203384214,0.3731155778894478,0.6382978723404257,0.40218550084652105
0.8781869688385271,0.89740202553941,0.8802094697796206,0.9201144366197185,0.16845197401934503,0.4326357499665978,0.9569950726207965,0.4706654286987888,0.5983426384529877,0.46608040201004997,0.7828014184397161,0.17921581963096012
0.9117454783177159,0.920959929546455,0.9118481344097755,0.9014084507042255,0.12395133905738642,0.41370349863700395,0.9560921497304116,0.35738657131867446,0.5442854739578612,0.2964824120603006,0.7003546099290772,0.2962946692361175
0.8731749836565701,0.8584324086305595,0.8651538293694088,0.8609154929577469,0.10280028985834042,0.40361437997282257,0.9523514691845301,0.2587223347404096,0.4360348488276855,0.1809045226130645,0.40691489361702154,0.4659824441430506
0.8927870995859664,0.8571114046675474,0.8828278420248747,0.875880281690141,0.016564358698671344,0.38135082667254305,0.9570724660114012,0.26688433569439307,0.47066796824934143,0.5251256281407028,0.6436170212765961,0.646741073588791
0.8753541076487252,0.8725231175693529,0.8815186559022476,0.892605633802817,0.017622116150377842,0.36029050464759127,0.9637798931971191,0.314163675026199,0.5094539226665838,0.3391959798994987,0.4929078014184398,0.4146245085390268
0.8662017868816738,0.8300308234258036,0.8431158629718525,0.860035211267606,0.10174355736540494,0.33635082899768454,0.9666950442432203,0.3966496458786254,0.4167488259277655,0.1909547738693475,0.5265957446808508,0.5599003254457583
0.8816735672259752,0.854689564068692,0.8697359807986038,0.861355633802817,0.004573366036351195,0.3205680495845282,0.965611536774758,0.33436410375006687,0.4203696672481372,0.46608040201004997,0.6267730496453894,0.697250837496771
0.8831989540204837,0.8674592690444738,0.8712633646083352,0.8595950704225355,0.09687090336791201,0.29467913302964854,0.9739442251631694,0.475176773314858,0.41487372677335554,0.4673366834170858,0.5700354609929084,0.689333574710286
0.8485508825452168,0.8104359313077938,0.8278420248745364,0.832966549295775,0.0931267289773269,0.2781071471994373,0.975646879756467,0.1892784447979554,0.33273820584076563,0.2776381909547741,0.4228723404255315,0.7648031403310924
0.8459359337546304,0.8185821224130339,0.8439886537202705,0.8503521126760565,0.032310800298057996,0.2546739366156684,0.974924541444159,0.047128555081549284,0.39271611032601916,0.41457286432160656,0.5531914893617016,0.7691638272184267
0.8237088690346481,0.7937032144429768,0.8123499890901156,0.8056778169014085,0.13293305276795236,0.23839353753380213,0.9615096870727222,0.22056785614706845,0.2647826155413725,0.18718592964824182,0.4734042553191492,0.8252549433394476
0.8156461102636738,0.7881990312637603,0.7191795766964872,0.721830985915493,0.24913057872247085,0.2854484467108216,0.9404586848283141,0.7564825845427181,0.10017675624968031,0.39572864321608003,0.5310283687943257,0.8076132694427804
0.7600784484637177,0.7644209599295466,0.754745799694523,0.7942341549295775,0.1609738748258851,0.2612921571937593,0.9326419523772653,0.8088979963188327,0.3157879633744922,0.5540201005025124,0.33776595744680865,0.6960108640513857
0.8391806493789495,0.8210039630118888,0.8315513855553134,0.8525528169014089,0.11529658719478009,0.44583858769035356,0.9299073859092419,0.7198543819890166,0.4469963171240666,0.5967336683417068,0.8856382978723398,0.5989449178771068
0.8714316844628458,0.8667987670629678,0.8616626663757365,0.8959066901408455,0.07976024164427986,0.4943424312739779,0.9302943528622643,0.5482481938558168,0.5287815776984031,0.4497487437185915,0.695035460992908,0.21935929885972585
0.9309217694486818,0.9601497137824746,0.9190486580842243,0.97381161971831,0.2071277682855207,0.5463914859011856,0.9436318138430964,0.4348564353320217,0.6476160316802252,0.5452261306532653,0.8058510638297874,0.00024082744792291305
1.0,0.9999999999999998,0.9999999999999998,1.0,0.13119369773350864,0.5095599209530595,0.9598844258700288,0.4736838386166457,0.6816441866258488,0.49874371859296507,0.8448581560283688,0.05580521479537263
1.0320331226846808,1.0035226772346981,0.9845079642155798,0.9892165492957754,0.1049199045968375,0.474779685152,0.9750793282253687,0.5761622343205451,0.6519432290896551,0.53391959798995,0.6941489361702126,0.05998594545835608
0.978426672477664,0.9539850286217522,0.9720706960506218,0.975792253521127,0.03492547012296429,0.4561799994289335,0.9918220983927961,0.6987049679532886,0.6135189255790077,0.2864321608040176,0.34574468085106297,0.17668720982046057
0.991065591632164,0.9764420959929547,0.9903993017674011,0.9940580985915499,0.03611544725613411,0.4248397580391907,1.0086680597476958,0.7786388369103288,0.6441648325490109,0.43592964824120645,0.6152482269503556,0.21539593553783629
0.9971671388101986,0.9936151475121091,0.9921448832642377,0.996698943661972,0.04247941626548071,0.39399961616809265,1.0310605474292482,0.8111849712753689,0.6487834693966298,0.36683417085427056,0.5886524822695035,0.2124583032606678
1.0050119851819566,0.9922941435490975,1.011346279729435,1.0055017605633805,0.008615803429307067,0.36502927134888585,1.06431390759229,0.832719949717335,0.6652220916206094,0.39698492462311585,0.5957446808510624,0.43105640407307144
1.0387884070603617,1.0253192426243947,1.0338206415012003,1.0558978873239435,0.12563227144188127,0.35218975455397594,1.0949874880685173,0.8852161277694734,0.7500077235039534,0.5414572864321614,0.701241134751774,0.26942735951501634
1.0562213989976028,1.0402906208718627,1.0390573859917087,1.067341549295775,0.10318464939747798,0.33916111000273697,1.1201661378118293,0.9286182739232638,0.7671935187666287,0.3542713567839195,0.6347517730496437,0.22270930440114547
1.109174112006973,1.0781594011448703,1.0802967488544624,1.0948503521126765,0.19848736584570892,0.31404807201228824,1.1434873461806352,0.9630894693944816,0.8070594363945319,0.5942211055276371,0.7792553191489366,0.2882812844043812
1.0904336456744392,1.0794804051078823,1.0964433777001965,1.095290492957747,0.23626017143460404,0.2884859526880841,1.1577277300518523,0.9719217698728634,0.807699263865051,0.3291457286432175,0.4875886524822707,0.3326910207429625
1.0993680540422752,1.0942316160281813,1.108007855116736,1.1128961267605635,0.07125103392716028,0.26486452218853784,1.170961999845212,0.9945776942650338,0.8340955875460573,0.37814070351758755,0.6001773049645386,0.3302473496107847
1.104815864022663,1.07661822985469,1.0157102334715253,1.018265845070423,0.20140644842561212,0.3322226681790894,1.1743673090318074,0.9069400930220317,0.47817743017350434,0.3090452261306552,0.5859929078014183,0.4166120361529916
1.0422750054478098,1.0361074416556584,1.0344752345625137,1.029049295774648,0.10229601014299197,0.3816445575107449,1.1806103758738997,0.8075180949122849,0.5036134876069899,0.4886934673366821,0.30939716312056686,0.7167664590750749
1.0376988450642841,1.0136503742844563,1.0325114553785733,1.0338908450704225,0.029521887482076042,0.35344755728081034,1.1852797771070334,0.6953272104378911,0.5156292292811007,0.4007537688442215,0.5452127659574459,0.793012067332775
1.046851165831336,1.0112285336856013,1.0250927340170193,1.0297095070422535,0.1677427025497899,0.32629187663897086,1.189149446637257,0.4998050794515845,0.5008499398106,0.42587939698492705,0.6010638297872353,0.7894820041835724
1.0915232076705164,1.0570233377366798,1.0641501200087278,1.06712147887324,0.09201054887567148,0.30833412626050416,1.1963728297603384,0.2739370972635964,0.5979377211157347,0.7072864321608032,0.7455673758865231,0.7129192560595228
1.0804096753105252,1.0548216644649935,1.072223434431595,1.086927816901409,0.015995506580747776,0.30316789902004604,1.2000103191187468,0.26172240749737424,0.6431494899268683,0.4296482412060292,0.5186170212765964,0.5635503296724277
1.0950098060579645,1.0797005724350506,1.0927340170194195,1.106073943661972,-0.0004909552513250037,0.28350879153693753,1.2045507313675405,0.34258270930188006,0.684533177023022,0.40075376884421793,0.6232269503546087,0.48038012562203275
1.0764872521246458,1.0708938793483045,1.0802967488544624,1.097271126760564,0.0457531345801615,0.2652936818488626,1.2048345071330901,0.5172846193040841,0.6448128560153271,0.18467336683417193,0.4884751773049649,0.42832854735835446
1.0865112224885598,1.0658300308234259,1.0728780274929084,1.095070422535211,0.031799345871312334,0.24465254352614677,1.2048087093362225,0.7127250038668542,0.6343044394049654,0.29271356783919494,0.6046099290780147,0.4755530589902573
1.0777947265199388,1.0629678555702335,1.0820423303512985,1.0842869718309864,0.06432538751128739,0.22892832159832752,1.2014549957433625,0.9893151704635667,0.5807025343810797,0.25502512562814195,0.5283687943262405,0.6008658625078728
1.1022009152320766,1.098194627917217,1.1084442504909446,1.1144366197183104,0.10789945974423179,0.20833002348695787,1.2127286329747426,0.9932865862416788,0.6664061407627865,0.45728643216080284,0.6631205673758868,0.5224617489630908
1.1252996295489215,1.1120651695288417,1.1267728562077244,1.1265404929577465,0.0886661084057894,0.1982211761823284,1.2241570569873317,0.9772875919532162,0.6972485570833461,0.4183417085427122,0.6578014184397164,0.5321351205205904
1.139246023098714,1.110083663584324,1.1298276238271876,1.137323943661972,0.05390873152127454,0.17909471020695247,1.2362820215153607,0.9542674121709088,0.724359961570478,0.4296482412060292,0.6205673758865234,0.5408318345468124
1.1521028546524295,1.1191105239982384,1.1396465197468906,1.137323943661972,0.03048534872684744,0.16266130156211714,1.2488971441838843,0.9629042498751891,0.724359961570478,0.44221105527638016,0.6161347517730498,0.625764466503656
1.141643059490085,1.1083223249669751,1.097752563822824,1.097711267605634,0.09274749423204454,0.17630256988432344,1.252483037948556,0.7997297368882524,0.5034001809782369,0.3819095477386932,0.5212765957446817,0.6381238246805339
1.1144040095881458,1.083883751651255,1.0912066332096881,1.0801056338028174,0.06696875618178261,0.20349228619195306,1.2516833062456443,0.5752001208770904,0.4241848804716095,0.4510050251256291,0.453014184397163,0.8030950065029624
1.068206580954456,1.0554821664464995,1.0576041893955928,1.083406690140845,0.1755908118595929,0.18628623697623706,1.2490261331682242,0.49322583574306383,0.43825596022209434,0.28517587939698363,0.3758865248226945,0.6486953730853637
1.1688821093920243,1.1437692646411273,1.0962251800130918,1.0878080985915495,0.3619662399079997,0.16748294368415975,1.2479168279028938,0.4263104042151132,0.4581694295705836,0.8467336683417092,0.9734042553191491,0.6480308508794227
1.1083024624101112,1.1114046675473361,1.1152083787911848,1.1272007042253525,0.1168217258460778,0.16585686653370454,1.251683306245643,0.42806056366303746,0.6104605337006705,0.47236180904522546,0.3173758865248225,0.5173909572266855
1.1590760514273257,1.1287978863936592,1.1302640192013966,1.145906690140845,0.04466155348901091,0.17978165594941872,1.258906689368724,0.3585161176505196,0.6676208552676325,0.5402010050251238,0.7703900709219842,0.5171411258499323
1.140335585094792,1.1453104359313075,1.1479380318568622,1.1771566901408455,0.07237336378144188,0.17810688467707617,1.2662590614761462,0.5591183747948629,0.748229229653213,0.3253768844221119,0.4875886524822707,0.29289455487781446
1.1734582697755505,1.1424482606781152,1.1581933231507746,1.1654929577464794,0.0479649956080517,0.15948834824582878,1.270825271521809,0.7525500941573251,0.6801558513060172,0.33793969849246286,0.6985815602836887,0.5067217695984622
1.1721507953802575,1.165785997357992,1.1793584987999128,1.190580985915493,0.05494188996247626,0.14146272735129586,1.2770683383639003,0.9337302371404164,0.7440773387954563,0.39698492462311585,0.5585106382978721,0.39896450787758214
1.1965569840923944,1.1620431527961255,1.1592843115862974,1.1837588028169015,0.030017967527256245,0.12979906490790047,1.2825116735030795,0.9634090430524883,0.7028975470829509,0.3944723618090442,0.6631205673758842,0.36692528192623214
1.1671388101983,1.155658300308234,1.1686668121317918,1.1690140845070425,0.03248401833036266,0.12739294769287893,1.2908701596883598,0.9217154993925698,0.6154166154702045,0.26381909547738724,0.44414893617021317,0.5371500552141032
1.1712791457833949,1.1398062527520916,1.0665502945668777,1.0801056338028174,0.2554361250818685,0.24356152826752317,1.2908701596883598,0.6702717429593551,0.26712754628052215,0.37185929648241023,0.5806737588652479,0.5514694671437993
1.0993680540422752,1.1494936151475124,1.1064804713070042,1.1190580985915495,0.2755119925301005,0.24307046679799646,1.2950494027809998,0.5080745310060948,0.40157679190529705,0.46482412060301415,0.2712765957446823,0.5177686497932725
1.1229025931575505,1.0924702774108324,1.0704778529347594,1.0937500000000004,0.17541554390974623,0.22471991031054103,1.2957459432964402,0.2380286717392709,0.3276036717625923,0.37814070351758755,0.6595744680851048,0.7342014870035005
1.0196121159293967,0.9966974900924701,0.9735980798603541,0.991637323943662,0.29798011374992434,0.2931238265694899,1.2798545004256607,0.2516983805071461,0.1177834369966892,-0.0728643216080398,0.1436170212765973,0.8981984822904538
1.0302898234909565,1.0347864376926468,1.0261837224525425,1.0455545774647885,0.19494203345670424,0.27926714615867665,1.268090705053786,0.3715984603881703,0.27747735448490163,0.5716080402010031,0.6072695035460974,0.9043298624894066
1.0300719110917411,1.0341259357111408,0.9962906393192232,1.0585387323943665,0.20229918751518217,0.31877377630380166,1.2541856925418542,0.5570671291428974,0.31240639471612497,0.2625628140703532,0.5629432624113482,0.5726738745071983
1.0908694704728696,1.107001321003963,1.0848789002836574,1.137103873239437,0.14164212744542348,0.3739074302652978,1.2508577767458626,0.5186271898713886,0.4917291219924662,0.5389447236180898,0.8111702127659566,0.35983374147729036
1.1342340379167575,1.11558784676354,1.0964433777001965,1.111355633802817,0.10033833889031812,0.3659963802904912,1.2415705698733297,0.4924470305650649,0.4315844339757493,0.34045226130653095,0.7402482269503552,0.44899898884969397
1.1008934408367836,1.0823425803610747,1.07004145756055,1.069542253521127,0.06969104667764739,0.3553430259923036,1.228181513298761,0.49484319910793356,0.34190616472915125,0.2952261306532666,0.4281914893617019,0.6106864918563377
1.0788842885160168,1.1028181417877592,1.0648047130700415,1.1309419014084514,0.11763861798659142,0.33025955367601023,1.2237184944405715,0.2848276148441591,0.47172186830463503,0.4070351758793988,0.47429078014184467,0.1315147556416608
1.0954456308563958,1.0717745486569796,1.0456033166048442,1.0398327464788735,0.19320575329857353,0.3129920656613788,1.2189974976137008,0.3818387204648715,0.3008996685401806,0.15201005025125505,0.6312056737588643,0.6318203808024347
1.0527348006101547,1.020695728753853,1.0148374427231073,1.0332306338028174,0.1475653641832258,0.36202312840090345,1.2089363568351237,0.37547450114761927,0.2901096779835276,0.4258793969849235,0.3900709219858148,0.716563011441262
1.063412508171715,1.0618670189343902,1.0685140737508185,1.086927816901409,0.11040753385695062,0.3590176986865894,1.208136625132211,0.26748854448228987,0.40336646878845694,0.5251256281407011,0.6072695035461,0.5701082204942144
1.1276966659402916,1.1074416556583,1.1154265764782896,1.1366637323943665,0.10945022236480537,0.3533279576347016,1.22513737326832,0.4536339417123138,0.49341041494725923,0.5891959798994938,0.8253546099290768,0.442213260210805
1.1355415123120505,1.1109643328929992,1.1230634955269478,1.111575704225352,0.07680631046616151,0.3301029136301592,1.2328767123287636,0.6273434114375931,0.4409071770626859,0.3505025125628139,0.5957446808510649,0.5970477351931733
1.1427326214861622,1.1281373844121532,1.1396465197468906,1.1450264084507045,0.01325374186823336,0.3039016343213451,1.2430152464979458,0.8250903936152545,0.5022364097475893,0.5351758793969841,0.5930851063829772,0.5105908825396495
1.1451296578775332,1.1217525319242625,1.1025529129391234,1.1230193661971835,0.05145088038833637,0.27926620573203653,1.2413641874983852,0.8129154763822473,0.4525378091843998,0.3580402010050252,0.573581560283689,0.37795255537729466
1.1133144475920678,1.103258476442096,1.0268383155138558,1.0270686619718314,0.2545116122703964,0.3740135683122101,1.2314836312978845,0.7229013905652313,0.27454768475012314,0.30025125628140625,0.43439716312056653,0.5260522521149494
1.0658095445630855,1.0420519594892117,1.0506218634082483,1.0719630281690145,0.06801011429315254,0.3663722459348956,1.2317674070634341,0.7133818954727662,0.3663905146624591,0.5741206030150712,0.3705673758865241,0.7512940340933891
1.096099368054042,1.0675913694407748,1.0672048876281914,1.0783450704225355,0.09660133921113023,0.36058287138690903,1.2256017336119474,0.7455069236012113,0.3792272479493606,0.49246231155778775,0.6870567375886536,0.6916807228195818
1.063412508171715,1.0464553060325852,1.0429849443595895,1.0743838028169015,0.03808849289037347,0.33272943853535053,1.2296519877202452,0.7178937644282222,0.3711887872047075,0.2675879396984929,0.4308510638297871,0.5952843710024626
1.1146219219873608,1.1050198150594455,1.1158629718524982,1.1305017605633805,0.06653519862163543,0.3257505420473411,1.2410546139359675,0.6499304084519848,0.48846099784750685,0.5854271356783917,0.7721631205673752,0.5897312247992764
1.155807365439094,1.1213121972699256,1.102116517564914,1.1247799295774654,0.10519049371239045,0.31462212314683025,1.2454918349972885,0.7228943388812186,0.47463511483376297,0.5025125628140708,0.7313829787234054,0.4355605747813935
1.1008934408367836,1.0779392338177016,1.0896792493999568,1.084947183098592,0.05321688435082697,0.3112211935218898,1.2394293527332745,0.8561253446270078,0.3810549828187686,0.21859296482411936,0.3404255319148926,0.6911593793665225
1.1157114839834388,1.0887274328489653,1.106698668994109,1.119718309859155,0.04426489444462095,0.28705079015962076,1.240383871217396,0.886296678239096,0.4588644258136676,0.5314070351758784,0.6241134751773054,0.6512955562800012
1.1549357158422313,1.1475121092029947,1.1560113462797295,1.172535211267606,0.1273470274658201,0.3197556207196828,1.2436085958259144,0.8794366619177515,0.5607871372301552,0.5590452261306521,0.7234042553191473,0.353658950019354
1.174765744170843,1.1431087626596212,1.1440104734889813,1.151848591549296,0.07325687824207269,0.29663005482289706,1.2469881072156412,0.8967092164056903,0.5070624847020788,0.37185929648241023,0.6445035460992903,0.38680080912594916
1.1653955110045762,1.1338617349185383,1.1062622736198995,1.117297535211268,0.12398618765560149,0.2930694526482903,1.2575652039315823,0.8114677956197158,0.4221896924821289,0.43592964824120645,0.5257092198581578,0.4617479259927942
1.104815864022663,1.0711140466754736,1.0639319223216235,1.0858274647887325,0.1560622723950929,0.3170158135304745,1.2591904651342758,0.6190543772146578,0.3515110378680455,0.2839195979899496,0.3173758865248225,0.6325094076395308
1.0856395728916977,1.0576838397181858,1.0765873881736858,1.0867077464788735,0.11324666965271324,0.3010210544610583,1.260170781415265,0.4100397716831271,0.3538095991516812,0.3530150753768855,0.48581560283687975,0.7954698686787821
1.1276966659402916,1.1045794804051077,1.1149901811040805,1.117297535211268,0.13665570302434588,0.2845134505334781,1.2652013518045537,0.22418192607885426,0.43378675907774755,0.5904522613065314,0.7349290780141824,0.7389557251961116
1.1261712791457832,1.0968736239542054,1.1086624481780498,1.1128961267605635,0.09927648160352748,0.2650910852965751,1.2631375280551023,0.24123269640425496,0.4215767333400513,0.4070351758793952,0.5576241134751778,0.6876195821769372
1.0838962736979734,1.067151034786438,1.0888064586515387,1.091329225352113,0.03130429078490313,0.24871138631464354,1.2592162629311443,0.22620891110668764,0.36110323447733395,0.18844221105527764,0.39184397163120577,0.7486563283599023
1.1083024624101112,1.0849845882870983,1.1056076805585862,1.1144366197183104,0.04240254435765317,0.22633052861205308,1.2626731677114753,0.0626226650625129,0.4296077875415767,0.4522613065326631,0.6631205673758868,0.7351864840767022
1.1170189583787318,1.110083663584324,1.1077896574296313,1.1390845070422535,0.1056209763962245,0.22530391162935218,1.2649433738358722,0.062187545270512234,0.4973529120827326,0.3706030150753762,0.5992907801418443,0.43979135997767804
1.1806493789496622,1.1911052399823865,1.184377045603317,1.1949823943661975,0.22646361550106642,0.255566162047664,1.2675747491164233,0.5114960652388678,0.624051528281826,0.5967336683417087,0.8226950354609917,0.29045964873017266
1.196121159293964,1.1754733597534124,1.1451014619245037,1.1593309859154934,0.26126301569519367,0.2331634613127894,1.2684518742099402,0.9023678628051269,0.5089543771039784,0.36683417085427056,0.6267730496453906,0.2712351738585121
1.1575506646328173,1.1312197269925146,1.149029020292385,1.1527288732394365,0.03548509761194857,0.2159966664624138,1.272605319505712,0.9128886795567318,0.4884978478221077,0.34798994974874226,0.40691489361702027,0.5622122600906683
1.1819568533449551,1.1543372963452228,1.1152083787911848,1.1142165492957745,0.16497736378554173,0.22780663071901366,1.2759332353017028,0.7182144556919869,0.3759486338338919,0.5263819095477387,0.6631205673758868,0.5665502987630999
1.120069731967749,1.13848524878908,1.0968797730744055,1.1575704225352115,0.0789710233905841,0.2064876898270476,1.2842401258932465,0.686440763868487,0.48964304047993257,0.3894472361809045,0.3120567375886521,0.21879127857139927
1.1621268250163435,1.1431087626596212,1.149029020292385,1.1615316901408455,0.03873729179243765,0.2030377513717795,1.2894254830637437,0.7030700518699418,0.49942154566632146,0.3844221105527648,0.7349290780141848,0.5736621365479995
1.1773806929614294,1.147071774548657,1.1104080296748855,1.121919014084507,0.09020149664479746,0.20492136630875388,1.290483192735338,0.5656643988506176,0.3816191602260308,0.4497487437185915,0.6258865248226939,0.5589287345371484
1.1320549139246023,1.1221928665785998,1.1348461706305912,1.15030809859155,0.0369364392317319,0.18971146749854775,1.2973970022960013,0.4320885424618515,0.4596595085692782,0.4145728643216101,0.37943262411347645,0.6411927956586008
1.1669208977990846,1.1446499339498015,1.117826751036439,1.107394366197183,0.07983813851087843,0.17602486228153,1.296571472796221,0.1923314351714611,0.3429907565636344,0.45351758793969715,0.7056737588652475,0.7349015289737715
1.0930485944650248,1.059885512989872,1.0436395374209033,1.054577464788733,0.17264918018672692,0.2597024389551468,1.2866651187988523,0.18485077737625433,0.22794611729637593,0.2726130653266326,0.2632978723404241,0.8225127560611626
1.0649378949662234,1.0682518714222808,1.0360026183722455,1.0902288732394365,0.10716661422294288,0.23859512498672117,1.274385367489614,0.3781852173791166,0.3310007764030749,0.4120603015075349,0.4494680851063836,0.5660813799751288
1.1039442144258005,1.1010568031704093,1.1053894828714819,1.1305017605633805,0.09450632348313787,0.27859984743694466,1.2710058560998867,0.46025765844202543,0.4326496579561948,0.43341708542713486,0.7225177304964531,0.6190665403846369
1.1122248855959906,1.099515631880229,1.1182631464106485,1.1084947183098595,0.016670954410858835,0.2604211094101634,1.265820498929389,0.5622030210072253,0.3784126635664016,0.25125628140703626,0.5975177304964558,0.7615093164701502
1.1109174112006976,1.0902686041391456,1.0879336679031202,1.076804577464789,0.12169642976111295,0.26432666139685324,1.2614348734618037,0.653760667756329,0.30537560047556833,0.3693467336683422,0.5585106382978721,0.8067089056393945
1.119198082370887,1.11074416556583,1.1171721579751257,1.1331426056338034,0.06224267128854741,0.24895395108134763,1.2585713180094396,0.5642020874640021,0.4471807072865568,0.5979899497487426,0.5975177304964534,0.6061934809109455
1.1414251470908692,1.1321003963011889,1.1451014619245037,1.151848591549296,0.04076671015908387,0.28112400857999176,1.2574362149472407,0.38459822826807355,0.48858536516531703,0.40452261306532356,0.6542553191489344,0.4940449519724501
1.1767269557637827,1.1618229854689563,1.172157975125464,1.1646126760563384,0.12062534784538287,0.2629408934748846,1.2624409875396618,0.3033210636371505,0.5170018322270459,0.5012562814070332,0.7074468085106386,0.4798039413666035
1.1675746349967313,1.1455306032584767,1.1725943704996726,1.1617517605633805,-0.0038220712571836735,0.24098843707409187,1.2637824729768052,0.12227805147758058,0.5080535309836202,0.3756281407035159,0.526595744680852,0.5299405965148449
1.1754194813684897,1.1783355350066047,1.1789221034257042,1.205985915492958,0.06168714363464731,0.229836572890079,1.2753398859737355,0.2317701337801004,0.6077740173967471,0.4371859296482405,0.5957446808510624,0.21552441875263864
1.1913270865112224,1.1609423161602817,1.1728125681867774,1.180457746478874,0.07250968329798935,0.20900484097700836,1.290096225782316,0.6275233252584258,0.5231612850469691,0.2763819095477383,0.6285460992907816,0.4518308578061119
1.1948136848986706,1.1704095112285338,1.1616844861444469,1.1648327464788735,0.07977664098461634,0.2152091336841013,1.298841678920617,0.6964692286015319,0.4735110824465537,0.44221105527638016,0.5780141843971627,0.5258404403111262
1.1691000217912397,1.1393659180977547,1.1084442504909446,1.1148767605633805,0.19060440793769068,0.2431646785116576,1.2970100353429785,0.565827370507954,0.3343699666651062,0.3831658291457272,0.4592198581560276,0.6073297272374965
1.140553497494007,1.106340819022457,1.1180449487235433,1.137103873239437,0.06560761093385023,0.22601433398948137,1.3003637489358377,0.49763027422290096,0.39834607230255237,0.5037688442211048,0.44769503546099254,0.730764605409709
1.1518849422532145,1.139586085424923,1.1018983198778096,1.0922095070422535,0.14097077945039665,0.21071702458419214,1.3021695947166085,0.2290406549608267,0.2871041360342851,0.44221105527638016,0.6099290780141852,0.7602888602703591
1.106559163216387,1.083443416996918,1.087715470216016,1.111135563380282,0.1657091843480596,0.19678467203320002,1.2995898150297935,0.12348752158330334,0.3439824225552115,0.4371859296482405,0.37943262411347395,0.7572273998609473
1.1610372630202654,1.148392778511669,1.154047567095789,1.170334507042254,0.23934939717049875,0.24374720528314045,1.3017568299667177,0.13266967667440527,0.495681534671903,0.6432160804020071,0.7854609929078012,0.6068247371524561
1.1599477010241883,1.1642448260678118,1.1656120445123281,1.1875000000000004,0.12589056105218166,0.269053181459039,1.3044398008410045,0.20410370413586965,0.5335259398232532,0.2989949748743722,0.5593971631205688,0.3863415470940885
1.2695576378295925,1.2633201232937032,1.2590006545930617,1.263204225352113,0.22142081834758193,0.2801928417574483,1.316332585197221,0.49430093849192075,0.6715744246489505,0.8329145728643206,1.0097517730496453,0.2728297086355581
1.2625844410546958,1.2377807133421401,1.2404538511891776,1.2334947183098595,0.07084822513014413,0.2629616876282749,1.3195573098057394,0.8210982198310661,0.5832414333454558,0.36055276381909324,0.5354609929077994,0.3134483740258713
1.2503813466986267,1.2485689123734043,1.2435086188086404,1.2724471830985915,0.04939686301118537,0.2410675398845369,1.3303407888966254,0.9407634237280509,0.6492248129466357,0.45979899497487087,0.5141843971631203,0.15327998706607412
1.2804532577903687,1.2472479084103922,1.2478725725507311,1.245158450704226,0.11200646953976273,0.2196438316415011,1.3397569847534987,0.9187177420720212,0.568846921816478,0.41080402010050443,0.6861702127659595,0.36134984638888146
1.2665068642405752,1.2360193747247907,1.247436177176522,1.252860915492958,0.1993667804712555,0.21247503942225496,1.3559322033898273,0.8755415980369388,0.5836753134555662,0.48618090452261054,0.5070921985815589,0.42082918795597823
1.2789278709958594,1.2485689123734043,1.273183504254855,1.2711267605633805,0.03315536632538957,0.19191617153834375,1.371643061682529,0.8592932392271088,0.6195271850264779,0.5138190954773841,0.6143617021276588,0.5220007187100831
1.2817607321856617,1.2490092470277412,1.2677285620772423,1.269146126760564,0.046871364599359006,0.17228984500223918,1.39238449036452,0.8420459792304982,0.6124487536734314,0.42587939698492705,0.57535460992908,0.5632238734865469
1.2689039006319462,1.238221047996477,1.2524547239799262,1.2603433098591554,0.02970945493717514,0.16098568754144935,1.409875396641124,0.808427320761208,0.5789262317871248,0.3630653266331649,0.5115248226950351,0.6328026833536899
1.2573545434735238,1.2461470717745489,1.2646737944577786,1.2647447183098595,0.04212068069561903,0.14624781000239137,1.4209426514975592,0.7565308291820789,0.5901680626074008,0.3467336683417082,0.5168439716312054,0.6916589285598108
1.2604053170625407,1.2703654777631,1.2644555967706743,1.30193661971831,0.031317615248926595,0.1388453553941351,1.434357505868995,0.7911956859415556,0.6783658991411058,0.3391959798994969,0.5762411347517717,0.3966307680264352
1.289823490956635,1.279832672831352,1.2856207724198125,1.3052376760563384,0.007025067416663172,0.12325558276405382,1.439284885070812,0.8731675697058546,0.6856647889905191,0.2964824120603006,0.6835106382978717,0.49591332854727005
1.3103072564828935,1.3049317481285774,1.3144228671176086,1.326144366197183,0.05088305322918388,0.10830178150597439,1.4501457575523022,0.8677767111138938,0.7316165069318602,0.39572864321607826,0.6471631205673756,0.48744058682019226
1.320113314447592,1.3025099075297228,1.319223216233908,1.3314260563380285,0.03322916335690396,0.09439581959848922,1.457059567112967,0.938583134289965,0.743029964841775,0.3329145728643232,0.6037234042553206,0.5055669481325743
1.3262148616256266,1.3232056362835756,1.3347152520183287,1.347931338028169,0.0620366545755697,0.07997808744005178,1.4691071382503909,0.9435167148502077,0.7785473770305548,0.33793969849246286,0.5886524822695035,0.44839179397545004
1.3676182174765747,1.3577719066490535,1.3622081605934981,1.3895246478873244,0.10053308105681447,0.08797945932038029,1.485127570105511,0.9527380301072489,0.8531524863014134,0.4824120603015084,0.7322695035460997,0.3074408775123254
1.3922423185879276,1.3701012769704974,1.3777001963779185,1.397667253521127,0.08052896072255492,0.07539746115691828,1.499961303304696,0.9925323911436769,0.8658836298308162,0.3869346733668329,0.664007092198581,0.32377706066034034
1.4098932229243846,1.3872743284896523,1.4041021165175651,1.398767605633803,0.10514539552646496,0.06283421502719247,1.5151562056600345,1.0007045049147,0.8677110574378902,0.44221105527638377,0.6356382978723405,0.48442929382768457
1.4085857485290916,1.3877146631439896,1.3774819986908142,1.393045774647888,0.12319594444313475,0.05671605419124989,1.5307122771715278,0.9806808839369341,0.8278978756399883,0.42839195979899514,0.5585106382978721,0.3993541998591349
1.3887557202004794,1.3648172611184497,1.3783547894392323,1.3899647887323945,0.05021170523415697,0.0523353808273915,1.5453912235895033,0.9554484836336783,0.80527851057369,0.3467336683417082,0.4831560283687945,0.5849722880559185
1.4033558509479187,1.375825627476882,1.385118917739472,1.392385563380282,0.022801232820409773,0.04252852933869791,1.5559941181023134,0.9282585270048708,0.8114125847789236,0.4484924623115575,0.6232269503546087,0.6574660618318976
1.4018304641534103,1.3989431968295907,1.4091206633209687,1.4284771126760565,0.08961932006285048,0.038167242751841385,1.5704408843484745,0.9325289436494196,0.8902261135122199,0.4258793969849235,0.5576241134751778,0.5065731813351039
1.43146655044672,1.4222809335094675,1.4396683395156014,1.4460827464788735,0.11216021335541776,0.047621961296323706,1.5845006836416151,0.9361720967460327,0.920438514837462,0.39070351758793853,0.6843971631205659,0.5430865635278015
1.4526040531706252,1.4240422721268169,1.4440322932576921,1.4524647887323945,0.015448178597015916,0.03542461158131774,1.598689471919096,0.935531274700199,0.9309208483821888,0.4120603015075349,0.6498226950354608,0.5921635526901813
1.4475920679886687,1.419859092910612,1.4387955487671833,1.431778169014085,-0.017423274148797366,0.04573300844832642,1.6085184325258592,0.9031134808967757,0.7677096203370274,0.3467336683417082,0.5434397163120576,0.7210634315219303
1.4412726084114187,1.4095112285336853,1.3744272310713506,1.391505281690141,0.14084163464524646,0.07380671606022485,1.6087506126976736,0.7627542868737115,0.5247902135430125,0.42839195979899514,0.5381205673758871,0.6218115235336783
1.3473523643495313,1.3566710700132105,1.3379882173248967,1.386223591549296,0.1064809168051215,0.09697171468578594,1.607409127260528,0.647953333823813,0.4977826371079468,0.11683417085427367,0.18173758865248207,0.5442318265487381
1.4048812377424271,1.3731836195508589,1.3934104298494436,1.3981073943661975,0.03994776810102815,0.08201662591689698,1.6073317338699256,0.5871793770319074,0.5458662377668054,0.47864321608039917,0.7978723404255306,0.8662163725049435
1.4029200261494874,1.3762659621312199,1.39951996508837,1.3998679577464794,0.042965246722950545,0.06871270075985383,1.6081314655728383,0.49095588391039463,0.5531425584337248,0.3994974874371839,0.5558510638297868,0.838504442817881
1.4234037916757467,1.4103918978423604,1.4167575823696275,1.4399207746478875,0.027943450974684536,0.07175956896540828,1.6139875654619065,0.42555473509967706,0.6942833836492851,0.5075376884422105,0.647163120567378,0.6318915581041342
1.4251470908694706,1.4178775869660944,1.4307222343443164,1.431338028169014,0.030853308925648443,0.062073204332623505,1.6185537755075696,0.2592760170923122,0.64039153030105,0.2889447236180893,0.5709219858156013,0.6819992353153691
1.4299411636522117,1.4108322324966973,1.4274492690377485,1.4262764084507045,0.028687571042454812,0.05470972524222753,1.6182957975388885,0.273130064126902,0.6079398633015817,0.3655778894472365,0.5833333333333331,0.7400251878960646
1.4353889736325995,1.4103918978423604,1.418066768492254,1.4388204225352115,0.053086714586905726,0.04182617074117498,1.6174444702422384,0.5213411248672217,0.6546897802090054,0.4258793969849235,0.5859929078014183,0.62861223022685
1.4377860100239706,1.4447380008806696,1.4331224089024663,1.472491197183099,0.11207821665373507,0.052047998103109644,1.6197920697572408,0.898570824522096,0.7578303467995219,0.36809045226130815,0.573581560283689,0.34330635329616976
1.4669862715188495,1.4766622633201234,1.4723979925812787,1.5008802816901414,0.1042198577562217,0.07451192145169686,1.6278925779738382,0.976208753715875,0.8236097441573557,0.3442211055276402,0.6826241134751775,0.30583533556304393
1.512965787753323,1.4988991633641569,1.515819332315078,1.5228873239436624,0.10728243456406966,0.06122547693596617,1.6432938627041231,0.976104127972496,0.8658953721230874,0.4472361809045199,0.7508865248226936,0.42932861316395843
1.5203748093266505,1.4947159841479525,1.5077460178922106,1.504401408450705,0.12041625625609209,0.049835447117512616,1.657147279622317,0.9322711414251376,0.7437590681121579,0.3643216080401989,0.593971631205674,0.5334655677089075
1.4953148834168664,1.4896521356230739,1.5018546803403885,1.4973591549295775,0.10712869074841458,0.05748472478745678,1.6687820860098528,0.8867265004807052,0.6990349808007957,0.32537688442210827,0.46187943262411285,0.5984616173653586
1.4887775114404014,1.4960369881109645,1.4924721797948945,1.526848591549296,0.11563277367167907,0.04620919218845723,1.6836674148027737,0.8962379509989569,0.7752950188631033,0.3278894472361835,0.5372340425531928,0.3865966912807178
1.5615602527783827,1.5557023337736682,1.5476761946323376,1.5640404929577465,0.40793666574762033,0.07169386844780964,1.698217372236408,0.9285158642804499,0.849085352145354,0.5791457286432145,0.859929078014182,0.35149073996137686
1.5783395075179776,1.5475561426684281,1.5690595679685801,1.5640404929577465,0.04141858393746112,0.06147692302291055,1.7137734437479017,0.9412083748177626,0.849085352145354,0.4635678391959801,0.6320921985815611,0.575750618821945
1.564393113968185,1.5385292822545138,1.5657866026620122,1.563380281690141,-0.04805006718604744,0.051484622729878055,1.7298454711967568,0.9482881598097899,0.8442747750271752,0.3831658291457308,0.5070921985815614,0.6497688050144493
1.5661364131619089,1.560986349625716,1.5718961379009386,1.5917693661971835,0.008644502274895965,0.04130377008638006,1.7477749400201197,0.9680327953710973,0.8981009026931271,0.39698492462311585,0.5709219858156013,0.4828419140666676
1.6073218566136416,1.579040070453545,1.589788348243509,1.5981514084507045,0.048537947561059336,0.03393448829743151,1.7625054820318318,0.9698869000699322,0.9089837849585986,0.47236180904522546,0.7313829787234054,0.5723018498504954
1.5972978862497276,1.5673712021136066,1.5572768928649363,1.5680017605633805,0.027378698691845116,0.05076664428914421,1.770373810076617,0.9389178715001271,0.6957198435949267,0.37814070351758755,0.5230496453900702,0.5955874524270203
1.5489213336238832,1.5398502862175254,1.5511673576260099,1.570422535211268,0.04809311545443082,0.058047091457186645,1.775946134200137,0.9274119030504397,0.7028688838138207,0.2713567839195986,0.36702127659574457,0.6520716776717799
1.5927217258662014,1.6047996477322763,1.5921885228016588,1.6344630281690145,0.09168153711016971,0.08019625427531576,1.7911926321492122,0.9234796148818516,0.8476162647704156,0.5100502512562785,0.7420212765957437,0.3569946768802396
1.5826977555022879,1.587626596213122,1.5862971852498366,1.5906690140845074,0.07624668297717721,0.06643339913979288,1.8021308980213067,0.866560357789965,0.6208087686990698,0.08668341708542482,0.5230496453900702,0.5966752367038997
1.5556766179995645,1.5691325407309555,1.552476543748637,1.599691901408451,0.07314618269480108,0.05334135426894657,1.8106699687846635,0.8033173980860282,0.6438165898463198,0.1809045226130663,0.4539007092198597,0.45792750759679773
1.6044889954238393,1.5816820783795686,1.570150556404102,1.5677816901408455,0.08155494445235942,0.05726344308849965,1.811108531331422,0.6708365607454367,0.503399588482069,0.4108040201005009,0.7624113475177287,0.7957957902657098
1.5959904118544346,1.6063408190224575,1.5838970106916872,1.6227992957746484,0.14420452437300713,0.0460500614930395,1.8179965430952172,0.680880725719742,0.6459671925528118,0.5439698492462295,0.5292553191489372,0.45124484463977177
1.659185007626934,1.6376045794804053,1.6508837006327737,1.6668133802816905,0.07900177215371512,0.11796608306703024,1.8301215076232462,0.7291961548024744,0.7304146947860387,0.5942211055276371,0.8209219858156032,0.5516811796675088
1.6805404227500542,1.65962131219727,1.6541566659393416,1.65030809859155,0.0722462688938337,0.10242973392026392,1.8369837215901739,0.8102476016871364,0.6627837367002961,0.4660804020100482,0.650709219858155,0.5512313683652681
1.6574417084332098,1.6616028181417881,1.6559022474361773,1.6930017605633805,0.08147704758576085,0.09178252981924592,1.8481025720403452,0.8999698449254405,0.740942729896363,0.42713567839195754,0.46985815602836845,0.2896923683236093
1.6927435171061234,1.6677675033025101,1.6659393410429855,1.6676936619718314,0.10044800947881871,0.07741926211134756,1.8597889740216167,0.8897695512920372,0.6409586358741074,0.3869346733668329,0.7074468085106386,0.5611444863633834
1.6761821747657444,1.6752531924262442,1.684486144446869,1.6908010563380285,0.07933898358938513,0.07020922085056572,1.8739003689084925,0.8850420565570586,0.6863395782055889,0.43592964824120645,0.4964539007092206,0.5466908041179286
1.713663107430813,1.725891677675033,1.7161248090770245,1.7563820422535215,0.10442484951042844,0.10451405575550723,1.8881923483734462,0.9684531059145226,0.7901252491054939,0.5201005025125615,0.7163120567375885,0.20570740163998022
1.7803443015907607,1.7527520915896082,1.7466724852716562,1.7766285211267605,0.21211009287151422,0.12145434638990796,1.9099914867270313,0.978828039425161,0.816418274547651,0.5301507537688444,0.8351063829787234,0.2255135039773062
1.7644366964480276,1.7686041391457505,1.7684922539821077,1.7636443661971835,0.1623534693316961,0.12411807814617556,1.929210845393801,0.9686672234505931,0.7624785488525639,0.32286432160804024,0.4991134751773032,0.35743228124272225
1.7799084767923294,1.7531924262439456,1.7521274274492693,1.7460387323943665,0.10722708679043383,0.13806540676874954,1.9501070608570008,0.9427867136910606,0.6898734915020958,0.48618090452261054,0.6267730496453906,0.6076566045700487
1.7537589888864678,1.7382210479964775,1.743181322277984,1.7684859154929584,0.06153442477776333,0.12399893782803253,1.9671852023837144,0.929049469863139,0.7309677198548458,0.43592964824120645,0.4574468085106392,0.5175697292391128
1.7823055131837005,1.7540730955526203,1.7252891119354137,1.7315140845070425,0.1152145904930974,0.11920747239808152,1.9747697546629488,0.8657781437553487,0.5853575714736633,0.47236180904522546,0.6799645390070923,0.6382382133800245
1.6441490520810635,1.6629238221048002,1.6327732926030987,1.6709947183098595,0.1886016384990914,0.15572274844813858,1.9771947475685532,0.624742072268775,0.4000486504747859,-0.11306532663316454,0.0017730496453898237,0.6348458789711113
1.7012421006755285,1.715323645970938,1.6953960288020948,1.7407570422535215,0.11502804799676936,0.13787359541993285,1.9827928694889416,0.5735353427823053,0.5558840703675106,0.5615577889447236,0.7960992907801421,0.6488852484623995
1.7894966223578122,1.780933509467195,1.752345625136374,1.797315140845071,0.21603363504703021,0.22618008451291452,1.9979877718442807,0.5161088286316822,0.6512684639187148,0.6721105527638183,0.9228723404255302,0.4045188115453693
1.9246023098714318,1.8974020255394104,1.8631900501854683,1.901408450704226,0.3886674408521916,0.32238765986906337,2.022676263447097,0.6303307303989983,0.7774908430809514,1.1281407035175852,1.113475177304966,0.1463228932901543
1.884506428415777,1.8610744165565836,1.8370063277329265,1.8455105633802824,0.23026211270651636,0.2972830738213029,2.0331243711786953,0.7310625538779637,0.6351953002176122,0.3027638190954779,0.40070921985815555,0.23240703052969416
1.8459359337546304,1.9070893879348307,1.8548985380754968,1.9363996478873244,0.1688301838058564,0.2885353495316567,2.0518535717049713,0.8820620358098988,0.7355392718766979,0.3994974874371839,0.40691489361702027,-0.005086867658834648
1.9917193288298103,2.0420519594892124,1.9834169757800575,2.0625000000000004,0.23324064289513952,0.41537706528967555,2.0868869798519163,0.9683758397460194,0.8341367502423019,0.7211055276381882,1.1569148936170208,-0.03386535836273835
2.1414251470908696,2.120211360634082,2.0290202923849012,2.0576584507042255,0.26145775786168995,0.40081284559922614,2.1234166602172135,0.9825621677811577,0.8229341942879834,0.8643216080401999,1.1728723404255321,-0.026375139751088128
2.074961865330137,2.1118450022016733,2.065022910757146,2.139524647887324,0.1442547473527877,0.37130371669665596,2.16691174573691,0.9905196532918061,0.8765924236134889,0.5087939698492445,0.2934397163120556,-0.03886994608835205
2.1157114839834383,2.15147512109203,2.117608553349335,2.145246478873239,0.20347379026678647,0.3444280821643698,2.215411603849027,0.978800443661703,0.8800994189525851,0.2763819095477383,0.7296099290780145,-0.022218102131305477
2.1316190891261715,2.2221488331131667,2.1344097752563824,2.250880281690141,0.22720363573375252,0.3222171996512513,2.283388798596597,0.9866894009430347,0.937724781984116,0.3354271356783948,0.6285460992907816,-0.043396218231360695
2.2852473305731094,2.262879788639366,2.139864717433996,2.157350352112676,0.40468139669081804,0.3144689837913197,2.332224028068,0.9555891351342127,0.7318731656856631,0.618090452261305,1.1888297872340408,-0.0006479664640297172
2.174983656570059,2.15631880228974,2.1038620990617503,2.163292253521127,0.3421896604209095,0.39068359566103084,2.3751257642597285,0.927273138946159,0.7368360810379698,0.5163316582914558,0.11524822695035442,0.07166802242368878
2.120723469165396,2.164685160722149,2.1261182631464113,2.141285211267606,0.22158173687463412,0.3814696017620254,2.403245362846009,0.8831091696045983,0.6889375548670308,0.1695979899497493,0.34308510638298034,0.30437051926017444
2.1244279799520593,2.1466314398943203,2.1213179140301115,2.177376760563381,0.09708716966860007,0.3573670134600143,2.442148440523176,0.8556428589068821,0.7250799357269974,0.3165829145728629,0.5789007092198569,0.3764628891253341
2.1756373937677056,2.1970497578159405,2.183286057167795,2.218529929577465,0.14467293053136937,0.32973022082057946,2.47522121610814,0.8355001431045865,0.7639314958603466,0.40577889447236115,0.7721631205673752,0.4544837186988003
2.240139463935498,2.2188463232056366,2.215579314859263,2.230853873239437,0.1672763463089697,0.3037132563094789,2.494956530712274,0.811570627757684,0.7754398622750266,0.5427135678391954,0.8262411347517736,0.5982072228545671
2.2159511876225757,2.1983707617789516,2.0984071568841376,2.167913732394366,0.237638740981644,0.31994030199757595,2.507881226943215,0.6424249835880218,0.6211335666869741,0.3329145728643196,0.4654255319148923,0.29313375953367204
2.1335803007191108,2.1158080140907094,2.0144010473488985,2.0396126760563384,0.35766346298720136,0.48796725391215867,2.496169027165076,0.35601452640321385,0.38933541722728116,0.2173366834170853,0.22872340425531895,0.833497302552796
1.7979952059272173,1.9187582562747691,1.7084878900283658,1.8701584507042255,0.559974950007636,0.5693261127579972,2.463921781079892,0.25917746014730303,0.19519808962785845,-0.9849246231155738,-0.8014184397163097,0.385091124042879
1.9381128786227935,1.9251431087626598,1.8049312677285625,1.808098591549296,0.5575375980501184,0.6880691692665002,2.4120166137811787,0.4590616768720769,0.14190461716926028,0.7902010050251242,1.133865248226948,1.0400021436726297
1.8402702113750276,1.8903566710700133,1.8171503382064158,1.85431338028169,0.43590369077403857,0.6444164281945675,2.37649304749374,0.6435675750211057,0.21718140553494236,0.580402010050252,0.16578014184397316,1.0237731041118785
1.7010241882763126,1.7531924262439456,1.5939341042984945,1.5904489436619724,0.814818648919847,0.723807865713873,2.3093413822459534,0.8757202361405421,0.03230636595908337,-0.48618090452261054,-0.00265957446808629,1.0394853317262542
1.4632817607321855,1.6800968736239545,1.4634518874099938,1.674735915492958,0.8547787165261277,0.734485676419528,2.2546500528854794,0.9226982167303923,0.14786672175862892,-0.35050251256281373,-0.40336879432624073,0.6033700392515626
1.7443887557202005,1.8828709819462792,1.6884137028147508,1.9119718309859155,0.5878507537034322,0.9337053630450077,2.2235379098624937,0.8519544733554574,0.3953333389412007,0.7889447236180902,1.7074468085106385,0.0649907719998121
1.9293963826541733,1.9286657859973582,1.6873227143792275,1.7297535211267605,0.5944740372818502,0.8951618417364203,2.1662410030183383,0.8453545972103462,0.265552268381433,0.5012562814070367,1.3164893617021283,0.4846984485476324
1.8136848986707346,1.8339938353148393,1.7606371372463456,1.862676056338029,0.3703914010058945,0.8436297860916683,2.1230812888579282,0.7526701165160958,0.37637969159163165,0.8743718592964828,0.09308510638297851,0.26827598780399603
1.760514273262149,1.8377366798767067,1.762164521056077,1.7684859154929584,0.34992194938958576,0.8021614047745577,2.0762582875422395,0.658297290366147,0.3115186365850263,-0.19095477386934567,0.34751773049645396,0.4358795060205483
1.6855524079320117,1.6668868339938359,1.5507309622518004,1.6650528169014085,0.6062005905812439,0.8420556621253362,2.0323504372726524,0.5908802012693907,0.2461658565242535,-0.08542713567839083,0.25886524822695045,0.3527863387348565
1.4325561124427981,1.5488771466314402,1.4198123499890902,1.4240757042253525,0.5815831308185627,0.915730160821051,1.9800583030209196,0.6960686414199946,0.12357207602748493,-0.9535175879396943,-0.4654255319148951,0.9743682429358717
1.588581390281107,1.6210920299427565,1.476107353262056,1.65074823943662,0.5296699940244902,0.8644939904530914,1.9616128782601945,0.6884386698731846,0.3058367168221797,1.3216080402010009,1.1985815602836876,0.4265397462434222
1.5661364131619089,1.5477763099955963,1.4449050840061097,1.490316901408451,0.4375999975400988,0.8524357755311446,1.918943322240278,0.7015954987890722,0.22522666694453175,-0.1017587939698475,0.4725177304964537,0.8922432424501211
1.3083460448899547,1.4546455306032586,1.1706305913157327,1.169674295774648,0.8153465026869293,1.280994516024238,1.8696179346283786,0.8850765227489996,0.10051473182657028,-0.6721105527638148,-0.48492907801418295,1.0027510276041616
1.3562867727173678,1.6404667547335976,1.2175430940432033,1.604753521126761,0.8102319584194725,1.289774676098925,1.8614142352243088,0.8963774508779694,0.3602223624873975,1.4346733668341671,0.7588652482269492,-0.04499439712365728
1.1928524733057309,1.3639365918097754,1.0925158193323152,1.089568661971831,0.7608135712740954,1.6155097233564872,1.7650078683280417,0.9163902650412177,0.18487418646244935,-1.9912060301507495,-0.10106382978723405,0.925246807359056
1.1928524733057309,1.3232056362835756,1.0925158193323152,1.3349471830985915,0.6906438688503754,1.576090098347134,1.718726620746585,0.9056602857055669,0.2973646142423325,0.9497487437185924,0.5638297872340424,0.26347297402632003
1.149269993462628,1.2901805372082784,1.0929522147065247,1.1991637323943665,0.6961109989350677,1.596876282637806,1.6409462631891207,0.8827962951017951,0.25408227465384836,-0.7022613065326598,0.38652482269503535,0.5040682503027751
1.253214207888429,1.3815499779832676,1.1797948941741219,1.2500000000000004,0.7404865889269603,1.5086822612090036,1.5801666537677663,0.833656458157417,0.27846993791216146,0.6721105527638183,0.9867021276595751,0.44267178055519
1.3235999128350402,1.3143989431968295,1.111280820423304,1.132042253521127,0.7296578995109921,1.4254266751787312,1.5176843897531134,0.8208024633421531,0.23732751061527235,0.7876884422110526,0.8501773049645379,0.7890958116155261
1.1276966659402916,1.1706296785557024,1.0384027929303954,1.101892605633803,0.6692775783094125,1.3522419370394152,1.4799164151381454,0.8486939139194793,0.22657669267640435,0.3316582914572856,-0.23315602836879512,0.7890628844739768
